{
	"name": "followme",
	"title": "Follow Me!",
	"description": "Allows tokens to follow other tokens.",
	"author": "Brunhine",
	"version": "1.0.2",
	"minimumCoreVersion": "0.5.7",
	"compatibleCoreVersion": "0.5.7",
	"esmodules": ["followme.js"],
	"scripts": [],
	"socket": true,
	"url": "https://github.com/Brunhine/FollowMe",
	"manifest": "https://raw.githubusercontent.com/Brunhine/FollowMe/master/src/module.json",
	"download": "https://raw.githubusercontent.com/Brunhine/FollowMe/v1.0.2/package/followme-v1.0.2.zip"
}